City_ID,City,Lat,Lng,Max Temp,Humidity,Cloudiness,Wind Speed,Country,Date
0,mermoz boabab,14.7065,-17.4758,27.88,94,100,0.0,SN,1697430838
1,waitangi,-43.9535,-176.5597,12.68,71,53,2.68,NZ,1697430409
2,amahai,-3.3333,128.9167,28.34,77,29,2.94,ID,1697430838
3,flin flon,54.7682,-101.865,6.47,74,65,2.42,CA,1697430451
4,anadyr,64.75,177.4833,1.28,100,75,2.0,RU,1697430415
5,puerto natales,-51.7236,-72.4875,5.2,75,94,4.85,CL,1697430411
6,capinopolis,-18.6819,-49.5697,24.88,69,97,1.87,BR,1697430838
7,sisimiut,66.9395,-53.6735,-4.1,72,100,1.01,GL,1697430416
8,la'ie,21.6477,-157.9253,26.98,76,97,0.89,US,1697430439
9,revda,56.801,59.9303,8.48,92,100,5.88,RU,1697430488
10,whitehorse,60.7161,-135.0538,6.43,80,0,5.14,CA,1697430445
11,hawaiian paradise park,19.5933,-154.9731,25.73,85,75,2.06,US,1697430425
12,hadibu,12.65,54.0333,27.04,72,100,0.17,YE,1697430419
13,lebu,-37.6167,-73.65,8.66,82,0,6.98,CL,1697430417
14,bollnas,61.3482,16.3946,2.93,61,2,5.76,SE,1697430839
15,awjilah,29.1081,21.2869,19.22,69,0,1.54,LY,1697430839
16,hilo,19.7297,-155.09,25.85,83,75,2.06,US,1697430470
17,grytviken,-54.2811,-36.5092,0.44,89,100,4.64,GS,1697430413
18,inyonga,-6.7167,32.0667,24.95,46,100,2.83,TZ,1697430839
19,decize,46.8285,3.4619,4.48,66,100,1.48,FR,1697430840
20,puerto ayora,-0.7393,-90.3518,24.19,91,26,3.13,EC,1697430410
21,kondopoga,62.2057,34.2614,4.29,86,29,4.09,RU,1697430840
22,whangarei,-35.7317,174.3239,19.24,61,96,1.16,NZ,1697430755
23,kourou,5.1552,-52.6478,25.03,81,96,4.91,GF,1697430469
24,port-aux-francais,-49.35,70.2167,2.16,86,100,7.58,TF,1697430408
25,tazacorte,28.629,-17.9293,27.86,27,0,3.09,ES,1697430445
26,isafjordur,66.0755,-23.124,1.77,95,100,5.45,IS,1697430416
27,dhuusamarreeb,5.535,46.3861,27.42,67,26,4.34,SO,1697430840
28,adamstown,-25.066,-130.1015,21.63,82,64,1.97,PN,1697430409
29,blackmans bay,-43.0167,147.3167,12.07,80,55,1.79,AU,1697430414
30,georgetown,5.4112,100.3354,31.21,91,40,2.57,MY,1697430119
31,ilulissat,69.2167,-51.1,-6.99,79,75,11.83,GL,1697430418
32,qaqortoq,60.7167,-46.0333,2.21,94,100,1.0,GL,1697430444
33,mejit,10.2753,170.8646,28.43,74,64,5.19,MH,1697430438
34,edinburgh of the seven seas,-37.0676,-12.3116,11.85,67,6,8.63,SH,1697430420
35,saipan,15.1355,145.701,29.39,74,20,3.6,MP,1697430431
36,kandira,41.0736,30.1746,18.97,70,10,3.6,TR,1697430841
37,tiksi,71.6872,128.8694,-7.63,88,100,7.89,RU,1697430409
38,ariquemes,-9.9133,-63.0408,21.75,96,96,0.19,BR,1697430841
39,holualoa,19.6228,-155.9522,23.21,94,69,1.34,US,1697430443
40,south hedland,-20.4089,118.5983,39.96,6,0,8.23,AU,1697430462
41,berlin,52.5244,13.4105,5.6,88,0,4.47,DE,1697430752
42,bredasdorp,-34.5322,20.0403,14.51,97,53,3.05,ZA,1697430413
43,puerto baquerizo moreno,-0.9,-89.6,23.48,83,92,4.3,EC,1697430764
44,coquimbo,-29.9533,-71.3436,12.85,87,75,1.54,CL,1697430409
45,stanley,54.868,-1.6985,2.51,95,0,0.51,GB,1697430299
46,ribeira grande,38.5167,-28.7,20.99,84,51,3.13,PT,1697430451
47,margaret river,-33.95,115.0667,25.22,37,76,6.67,AU,1697430412
48,norilsk,69.3535,88.2027,-3.33,91,66,1.04,RU,1697430842
49,ormara,25.2088,64.6357,27.1,79,91,6.29,PK,1697430843
50,hermanus,-34.4187,19.2345,16.59,86,85,4.9,ZA,1697430415
51,richards bay,-28.783,32.0377,18.88,90,100,2.32,ZA,1697430156
52,iqaluit,63.7506,-68.5145,-5.15,85,100,7.2,CA,1697430414
53,cabo san lucas,22.8909,-109.9124,28.61,80,21,5.09,MX,1697430793
54,yellowknife,62.456,-114.3525,8.56,100,75,1.03,CA,1697430411
55,alice springs,-23.7,133.8833,28.75,15,0,7.72,AU,1697430468
56,rio negro,-26.1058,-49.7975,14.8,98,99,1.33,BR,1697430843
57,tura,25.5198,90.2201,26.93,62,2,0.31,IN,1697430409
58,ust'-ilimsk,58.0006,102.6619,4.69,86,100,2.24,RU,1697430843
59,saint-joseph,-21.3667,55.6167,25.82,75,20,1.08,RE,1697430844
60,bull savanna,17.8868,-77.5902,25.68,82,66,0.92,JM,1697430844
61,cabedelo,-6.9811,-34.8339,23.37,78,26,7.03,BR,1697430454
62,abbadia san salvatore,42.8821,11.6695,11.25,86,97,2.24,IT,1697430844
63,utrik,11.2278,169.8474,28.38,76,46,5.29,MH,1697430422
64,papatowai,-46.5619,169.4708,10.27,86,95,4.8,NZ,1697430413
65,klyuchi,52.2667,79.1667,7.47,65,24,4.09,RU,1697430464
66,yuzhno-kurilsk,44.0306,145.8556,14.1,69,72,2.26,RU,1697430845
67,badger,64.8,-147.5333,4.52,87,20,2.57,US,1697430417
68,invercargill,-46.4,168.35,9.45,86,94,4.47,NZ,1697430418
69,kuala lipis,4.1842,102.0468,33.25,52,92,0.81,MY,1697430845
70,bethel,41.3712,-73.414,8.75,83,75,1.54,US,1697430410
71,keflavik,64.0049,-22.5624,7.24,87,75,4.63,IS,1697430845
72,morris,40.8334,-74.5329,9.23,81,0,2.68,US,1697430845
73,port mathurin,-19.6833,63.4167,23.93,82,18,5.56,MU,1697430415
74,gerena,37.5561,-6.1621,20.31,90,98,0.81,ES,1697430846
75,bilimora,20.7672,72.9693,30.95,61,2,2.18,IN,1697430846
76,xingcheng,40.6167,120.7167,16.91,19,0,2.54,CN,1697430846
77,nova sintra,14.8667,-24.7167,24.7,70,98,6.82,CV,1697430432
78,callao,-12.0667,-77.15,19.84,77,100,4.63,PE,1697430450
79,amlapura,-8.45,115.6167,29.8,63,61,2.76,ID,1697430846
80,boende,-0.2167,20.8667,21.66,98,100,0.96,CD,1697430475
81,bubaque,11.2833,-15.8333,27.87,80,65,5.04,GW,1697430847
82,saint-philippe,-21.3585,55.7679,25.77,78,20,2.54,RE,1697430481
83,albany,42.6001,-73.9662,9.11,81,100,3.85,US,1697430371
84,bilibino,68.0546,166.4372,-10.58,96,77,1.07,RU,1697430473
85,qamdo,31.1667,97.2333,6.83,40,38,3.4,CN,1697430449
86,petoskey,45.3733,-84.9553,10.83,80,100,3.58,US,1697430847
87,dhidhdhoo,6.8833,73.1,28.52,72,53,6.15,MV,1697430374
88,port alfred,-33.5906,26.891,17.32,91,100,2.68,ZA,1697430413
89,jamestown,42.097,-79.2353,7.62,98,100,3.09,US,1697430294
90,castelli,-25.9468,-60.6195,27.76,50,78,3.0,AR,1697430848
91,farafangana,-22.8167,47.8333,24.87,74,92,2.06,MG,1697430848
92,beyneu,45.3167,55.2,9.71,49,0,6.66,KZ,1697430460
93,seka,17.9285,103.9552,28.79,57,70,1.09,TH,1697430848
94,nelson bay,-32.7167,152.15,30.03,48,51,5.18,AU,1697430848
95,sitka,57.0531,-135.33,10.94,87,0,0.0,US,1697430433
96,fort erie,42.9001,-78.9329,9.34,91,100,2.57,CA,1697430849
97,nago,26.5881,127.9761,28.47,46,5,4.85,JP,1697430849
98,yaren,-0.5472,166.916,28.91,68,11,1.27,NR,1697430436
99,kristiansund,63.1115,7.732,5.03,87,75,7.72,NO,1697430462
100,choyr,46.3611,108.3611,14.39,25,51,7.47,MN,1697430849
101,meulaboh,4.1363,96.1285,28.37,71,100,1.79,ID,1697430849
102,havre,49.5833,0.3333,4.22,87,0,3.6,FR,1697430849
103,ayancik,41.9447,34.5861,12.93,48,5,2.18,TR,1697430849
104,ushuaia,-54.8,-68.3,4.81,65,0,7.72,AR,1697430417
105,port elizabeth,-33.918,25.5701,17.4,95,75,6.17,ZA,1697430415
106,leninskiy,54.2781,37.4558,11.29,80,100,2.43,RU,1697430850
107,texas city,29.3838,-94.9027,17.99,61,0,8.75,US,1697430806
108,jinan-gun,35.7917,127.4253,17.26,45,0,3.99,KR,1697430850
109,kaolack,14.1825,-16.2533,25.92,81,100,2.7,SN,1697430850
110,yangliuqing,39.1375,116.9997,20.97,29,0,2.37,CN,1697430850
111,lihue,21.9789,-159.3672,28.58,87,100,1.54,US,1697430420
112,vadso,70.0744,29.7487,3.49,87,40,8.75,NO,1697430449
113,pizarro,4.9533,-77.366,24.68,93,100,2.04,CO,1697430851
114,urjala,61.0833,23.5333,4.35,81,37,4.07,FI,1697430851
115,crane,31.3974,-102.3501,14.43,41,0,4.1,US,1697430851
116,porto novo,6.4965,2.6036,26.9,92,99,2.1,BJ,1697430479
117,afaahiti,-17.75,-149.2833,25.93,78,68,5.47,PF,1697430436
118,kargopol',61.5071,38.9456,4.47,77,63,5.81,RU,1697430851
119,arraial do cabo,-22.9661,-42.0278,22.07,93,98,7.03,BR,1697430411
120,kingston,17.997,-76.7936,29.53,88,20,1.54,JM,1697430852
121,kayangel,8.0823,134.7173,28.41,73,29,4.32,PW,1697430477
122,tazovsky,67.4667,78.7,1.1,92,100,4.62,RU,1697430424
123,west island,-12.1568,96.8225,27.99,69,40,5.14,CC,1697430420
124,nabire,-3.3667,135.4833,28.66,75,79,1.64,ID,1697430852
125,selebi-phikwe,-21.979,27.8498,19.04,83,100,4.86,BW,1697430852
126,christchurch,-43.5333,172.6333,19.11,32,40,5.66,NZ,1697430661
127,tralee,52.2704,-9.7026,6.49,89,100,3.21,IE,1697430419
128,longyearbyen,78.2186,15.6401,-2.09,64,40,10.8,SJ,1697430433
129,peniche,39.3558,-9.3811,19.5,96,99,3.48,PT,1697430853
130,colby,39.3958,-101.0524,4.19,84,0,2.06,US,1697430853
131,yichang,30.7144,111.2847,27.02,45,1,2.05,CN,1697430853
132,guiuan,11.0333,125.7247,28.78,69,65,2.43,PH,1697430853
133,kununurra,-15.7667,128.7333,37.99,7,0,5.66,AU,1697430853
134,dudinka,69.4058,86.1778,-6.85,91,38,3.58,RU,1697430443
135,hithadhoo,-0.6,73.0833,27.54,80,3,7.87,MV,1697430442
136,olonkinbyen,70.9221,-8.7187,0.09,73,100,4.66,SJ,1697430412
137,el calafate,-50.3408,-72.2768,4.61,68,11,4.01,AR,1697430450
138,saint-paul,-21.0096,55.2707,26.67,86,16,4.51,RE,1697430854
139,itabira,-19.6192,-43.2269,18.81,94,43,0.91,BR,1697430596
140,lengshuitan,26.4111,111.5956,28.78,31,0,2.77,CN,1697430854
141,pisco,-13.7,-76.2167,19.03,82,0,2.57,PE,1697430438
142,wailua homesteads,22.0669,-159.378,28.24,87,100,1.54,US,1697430442
143,new norfolk,-42.7826,147.0587,12.72,55,66,4.37,AU,1697430415
144,krasnokamensk,50.0979,118.0369,9.49,32,40,4.96,RU,1697430741
145,kristinestad,62.2743,21.376,3.39,63,59,10.07,FI,1697430625
146,talara,-4.5772,-81.2719,20.08,87,22,5.03,PE,1697430854
147,kirakira,-10.4544,161.9205,28.4,78,92,2.32,SB,1697430855
148,college,64.8569,-147.8028,4.56,86,40,2.57,US,1697430435
149,kihangara,-2.5833,33.35,24.01,62,99,1.16,TZ,1697430855
150,mirnyy,62.5353,113.9611,0.13,100,100,1.79,RU,1697430855
151,moree,-29.4667,149.85,30.95,14,6,10.76,AU,1697430855
152,kittila,67.6647,24.8936,1.08,93,100,5.14,FI,1697430855
153,cill airne,52.05,-9.5167,6.99,88,100,2.04,IE,1697430602
154,minas de marcona,-15.2119,-75.1103,14.68,83,17,4.11,PE,1697430490
155,enewetak,11.3474,162.3373,28.67,77,100,5.59,MH,1697430442
156,palmer,42.1584,-72.3287,10.1,88,75,1.54,US,1697430856
157,broken hill,-31.95,141.4333,21.11,25,1,9.05,AU,1697430487
158,jeddah,21.5169,39.2192,28.92,79,0,2.06,SA,1697430735
159,bonthe,7.5264,-12.505,25.73,86,100,1.14,SL,1697430856
160,gjovik,60.7947,10.6929,0.01,83,11,1.69,NO,1697430856
161,st. john's,47.5649,-52.7093,12.31,94,100,2.57,CA,1697430413
162,la libertad,-2.2333,-80.9,22.48,86,70,4.03,EC,1697430856
163,port lincoln,-34.7333,135.8667,15.14,53,37,6.69,AU,1697430434
164,thompson,55.7435,-97.8558,1.09,100,0,0.0,CA,1697430418
165,ocos,14.5094,-92.1933,26.27,85,100,2.42,GT,1697430857
166,al kharijah,25.4514,30.5464,21.22,40,0,3.07,EG,1697430857
167,san sebastian de la gomera,28.0916,-17.1133,27.31,53,0,1.54,ES,1697430857
168,mugia,43.1041,-9.2179,18.98,89,100,8.13,ES,1697430857
169,hengchun,22.0042,120.7439,26.42,72,79,9.14,TW,1697430439
170,pointe-noire,-4.7761,11.8635,26.04,89,75,2.06,CG,1697430857
171,uturoa,-16.7333,-151.4333,26.18,73,10,5.0,PF,1697430417
172,guerrero negro,27.9769,-114.0611,20.48,81,0,4.63,MX,1697430441
173,foca,38.6703,26.7566,17.93,70,1,2.61,TR,1697430858
174,punta arenas,-53.15,-70.9167,6.06,61,75,8.75,CL,1697430448
175,al ghayzah,16.2079,52.176,26.09,70,62,1.65,YE,1697430437
176,palikir - national government center,6.9248,158.1611,32.41,66,75,2.06,FM,1697430858
177,vilyuchinsk,52.9306,158.4028,10.15,94,100,4.5,RU,1697430252
178,portland,45.5234,-122.6762,18.78,83,100,3.13,US,1697430277
179,trincomalee,8.5711,81.2335,29.08,64,100,3.68,LK,1697430858
180,wegorzewo,54.2157,21.7372,4.66,91,89,3.84,PL,1697430858
181,hirara,24.8,125.2833,27.92,54,75,6.69,JP,1697430858
182,touros,-5.1989,-35.4608,24.93,79,84,7.51,BR,1697430458
183,heniches'k,46.1759,34.8034,14.57,89,10,5.64,UA,1697430859
184,daru,-9.0763,143.2092,26.67,77,66,5.21,PG,1697430859
185,san patricio,28.017,-97.5169,22.92,43,0,4.01,US,1697430425
186,howard springs,-12.497,131.047,33.79,31,4,5.13,AU,1697430859
187,harper,4.375,-7.7169,24.22,91,99,2.93,LR,1697430859
188,stephenville,32.2207,-98.2023,12.18,65,0,0.0,US,1697430443
189,cidreira,-30.1811,-50.2056,18.3,91,99,9.75,BR,1697430859
190,labrador city,52.9463,-66.9114,1.95,93,100,5.66,CA,1697430434
191,mombetsu,44.3525,143.3525,14.01,88,75,4.63,JP,1697430860
192,quellon,-43.1167,-73.6167,7.35,91,100,3.11,CL,1697430469
193,qulsary,46.9531,54.0198,11.51,49,0,7.74,KZ,1697430860
194,shimoda,34.6667,138.95,23.2,68,49,0.97,JP,1697430860
195,ust-nera,64.5667,143.2,-13.21,95,43,2.68,RU,1697430447
196,karratha,-20.7377,116.8463,36.82,14,0,8.94,AU,1697430442
197,lhokseumawe,5.1801,97.1507,30.58,65,100,2.0,ID,1697430860
198,bahia de kino,28.8333,-111.9333,27.18,54,0,4.85,MX,1697430860
199,patacamaya,-17.2333,-67.9167,6.87,81,20,3.65,BO,1697430860
200,susuman,62.7833,148.1667,-6.12,91,100,1.34,RU,1697430410
201,talnakh,69.4865,88.3972,-5.48,94,76,1.49,RU,1697430435
202,laguna paiva,-31.3039,-60.6589,23.88,69,100,0.89,AR,1697430861
203,kerema,-7.9631,145.7785,27.14,82,99,4.28,PG,1697430861
204,tromso,69.6496,18.957,5.01,81,75,6.17,NO,1697430861
205,togur,58.3631,82.8265,3.97,80,98,3.58,RU,1697430861
206,newport,51.5877,-2.9984,5.46,86,100,3.83,GB,1697430736
207,vorgashor,67.5833,63.95,-0.43,98,100,4.31,RU,1697430414
208,berre-l'etang,43.4781,5.1704,16.43,61,0,1.54,FR,1697430861
209,kolpashevo,58.3131,82.9089,3.95,80,99,3.58,RU,1697430862
210,mainit,9.535,125.5231,28.25,80,66,1.1,PH,1697430862
211,pathalgaon,22.5667,83.4667,27.78,51,1,1.53,IN,1697430862
212,meadow lakes,61.6247,-149.6011,7.36,77,0,2.06,US,1697430862
213,priozersk,61.0393,30.1291,2.19,86,29,4.75,RU,1697430862
214,ancud,-41.8697,-73.8203,6.11,90,9,2.09,CL,1697430426
215,sihanoukville,10.6093,103.5296,24.97,100,75,6.17,KH,1697430862
216,kattivakkam,13.2167,80.3167,31.05,76,94,4.46,IN,1697430862
217,metlili chaamba,32.2667,3.6333,17.52,25,0,1.54,DZ,1697430863
218,naze,28.3667,129.4833,24.51,49,0,5.11,JP,1697430470
219,ingeniero jacobacci,-41.3427,-69.5448,6.61,58,10,5.92,AR,1697430863
220,prado,-17.3411,-39.2208,22.97,85,9,2.41,BR,1697430784
221,rudsar,37.1376,50.288,16.99,71,13,1.87,IR,1697430863
222,visby,57.6409,18.296,7.12,61,0,6.17,SE,1697430863
223,eynesil,41.0645,39.1438,18.88,73,99,2.62,TR,1697430863
224,mobaye,4.319,21.1786,20.86,98,100,0.9,CF,1697430863
225,kapiri mposhi,-13.9652,28.6809,23.89,52,91,2.88,ZM,1697430864
226,rasht,37.2808,49.5832,14.9,100,75,2.06,IR,1697430864
227,ji'an,27.1172,114.9793,27.93,28,0,3.24,CN,1697430864
228,yingchuan,34.1628,113.4639,24.7,30,0,2.56,CN,1697430864
229,saranac lake,44.3295,-74.1313,7.79,99,100,0.0,US,1697430864
230,dashitou,43.3067,128.5114,9.08,28,1,8.08,CN,1697430864
231,la ronge,55.1001,-105.2842,10.14,66,75,4.63,CA,1697430463
232,villamontes,-21.25,-63.5,27.73,41,63,2.51,BO,1697430864
233,greymouth,-42.4667,171.2,11.6,81,100,5.33,NZ,1697430421
234,fedorovskiy,45.0972,40.9517,15.23,52,31,3.13,RU,1697430865
235,idri,27.5,13.2667,19.24,27,0,0.77,LY,1697430865
236,taltal,-25.4,-70.4833,16.02,79,72,0.68,CL,1697430865
237,rongelap,11.1635,166.8941,28.61,75,22,5.07,MH,1697430474
238,kirensk,57.7853,108.1119,5.57,95,100,3.58,RU,1697430492
239,nadym,65.5333,72.5167,0.88,98,100,7.6,RU,1697430865
240,kavaratti,10.5669,72.642,27.88,70,47,2.32,IN,1697430464
241,fale old settlement,-9.3852,-171.2468,28.29,75,49,8.36,TK,1697430422
242,vila franca do campo,37.7167,-25.4333,22.23,99,93,13.79,PT,1697430457
243,quibala,-10.7337,14.98,18.11,91,91,0.53,AO,1697430866
244,ngama,11.7833,17.1667,25.74,73,97,1.03,TD,1697430866
245,sokoni,-6.4333,39.55,26.83,81,60,3.6,TZ,1697430866
246,suozhen,36.9539,118.1047,22.9,38,0,3.18,CN,1697430866
247,vung tau,10.346,107.0843,27.0,84,96,5.22,VN,1697430802
248,tonj,7.2737,28.6822,22.35,93,100,1.32,SS,1697430867
249,rustaq,23.3908,57.4244,31.86,34,5,0.81,OM,1697430867
250,sainyabuli,19.25,101.75,30.14,55,65,1.05,LA,1697430867
251,banjar,-8.19,114.9675,32.12,55,69,1.7,ID,1697430867
252,auki,-8.7676,160.7034,28.2,78,47,0.7,SB,1697430867
253,aykhal,66.0,111.5,-3.85,94,100,4.92,RU,1697430453
254,tikapur,28.5,81.1333,27.63,55,76,1.56,NP,1697430867
255,mek'ele,13.4967,39.4753,18.47,44,2,3.61,ET,1697430867
256,okha,53.5739,142.9478,9.21,89,100,6.64,RU,1697430442
257,hpa-an,16.8906,97.6333,29.67,75,91,0.79,MM,1697430868
258,chonchi,-42.6128,-73.8092,5.62,98,75,1.22,CL,1697430418
259,saint-pierre,-21.3393,55.4781,26.43,73,0,2.57,RE,1697430868
260,bardai,11.65,7.2333,21.91,37,100,2.14,NG,1697430481
261,tari,12.4086,4.4914,26.0,54,72,2.75,NG,1697430868
262,basyayla,36.7534,32.6802,12.12,58,0,2.97,TR,1697430868
263,illizi,26.4833,8.4667,18.89,26,6,1.45,DZ,1697430452
264,essaouira,31.5125,-9.77,21.72,43,75,3.09,MA,1697430869
265,mount pearl,47.5166,-52.7813,11.29,94,100,2.06,CA,1697430869
266,walvis bay,-22.9575,14.5053,12.53,94,100,2.06,NA,1697430453
267,kruisfontein,-34.0033,24.7314,15.44,91,88,4.44,ZA,1697430869
268,dakhla,23.6848,-15.958,22.7,68,96,6.22,EH,1697430460
269,el matama,16.7095,33.3565,30.31,44,60,4.95,SD,1697430869
270,santana,-0.0583,-51.1817,29.1,74,40,3.6,BR,1697430432
271,lompoc,34.6391,-120.4579,17.1,87,0,5.81,US,1697430412
272,ust'-barguzin,53.45,108.9833,7.83,51,88,1.34,RU,1697430869
273,haiku-pauwela,20.9219,-156.3051,26.01,77,40,7.72,US,1697430475
274,geraldton,-28.7667,114.6,40.23,6,35,5.66,AU,1697430444
275,eilat,29.5581,34.9482,19.91,64,0,2.06,IL,1697430870
276,midar,34.9403,-3.5331,17.58,58,74,1.22,MA,1697430870
277,oster,50.9506,30.8823,6.89,78,100,3.75,UA,1697430870
278,hasaki,35.7333,140.8333,23.22,53,0,2.48,JP,1697430446
279,semera,11.501,41.201,27.12,48,1,3.44,ET,1697430870
280,usevia,-7.1,31.2333,25.5,63,100,0.47,TZ,1697430871
281,el granada,37.5027,-122.4694,19.4,79,20,6.69,US,1697430479
282,ebon,4.582,168.6964,28.79,72,76,2.51,MH,1697430418
283,kataba,13.9833,44.3833,19.52,34,0,0.92,YE,1697430871
284,popondetta,-8.7537,148.2534,26.58,93,100,0.26,PG,1697430871
285,dunedin,-45.8742,170.5036,12.11,70,100,0.45,NZ,1697430387
286,constantia,44.1833,28.65,9.38,81,100,10.63,RO,1697430246
287,kone,-21.0595,164.8658,26.07,66,99,3.39,NC,1697430871
288,kapa'a,22.0752,-159.319,28.99,87,100,1.54,US,1697430439
289,petropavlovsk-kamchatsky,53.0452,158.6483,9.33,88,75,4.0,RU,1697430410
290,malango,-2.9627,119.9001,30.51,45,29,2.64,ID,1697430436
291,tarquinia,42.2482,11.7553,17.11,89,95,4.71,IT,1697430872
292,puerto leguizamo,-0.1934,-74.7819,20.78,96,92,0.88,CO,1697430872
293,linxi,39.7,118.4333,19.35,19,0,2.44,CN,1697430872
294,weno,7.4515,151.8468,30.97,74,75,3.6,FM,1697430466
295,avarua,-21.2078,-159.775,22.03,60,75,2.57,CK,1697430414
296,margate,51.3813,1.3862,7.72,61,99,2.42,GB,1697430176
297,anshan,41.1236,122.99,14.24,20,0,4.19,CN,1697430873
298,barra de santo antonio,-9.4047,-35.5072,24.6,71,12,5.17,BR,1697430873
299,hamilton,39.1834,-84.5333,10.79,79,100,4.12,US,1697430371
300,bathinda,30.2,74.95,30.13,33,80,5.0,IN,1697430873
301,cacapava do sul,-30.5122,-53.4914,13.61,98,99,1.53,BR,1697430873
302,hurricane,37.1753,-113.2899,20.26,26,0,2.95,US,1697430614
303,puri,19.8,85.85,30.29,56,6,1.25,IN,1697430697
304,choibalsan,48.0667,114.5,15.71,21,14,8.08,MN,1697430873
305,oodweyne,9.4092,45.064,25.04,59,27,2.41,SO,1697430873
306,prachuap khiri khan,12.2167,99.75,28.34,69,95,2.74,TH,1697430874
307,menongue,-14.6585,17.691,18.6,54,91,1.42,AO,1697430874
308,tamanrasset,22.785,5.5228,19.95,32,0,4.12,DZ,1697430874
309,severo-yeniseyskiy,60.3725,93.0408,0.88,90,99,4.02,RU,1697430451
310,ta`u,-14.2336,-169.5144,26.46,77,53,9.63,AS,1697430874
311,yarmouth,41.7057,-70.2286,13.03,75,75,7.15,US,1697430874
312,adamovka,51.5223,59.9396,9.43,61,62,5.81,RU,1697430874
313,sinop,41.7711,34.8709,9.24,53,12,2.79,TR,1697430408
314,mount isa,-20.7333,139.5,33.87,10,0,5.66,AU,1697430875
315,dubbo,-32.25,148.6167,24.07,27,75,12.86,AU,1697430875
316,pacific grove,36.6177,-121.9166,16.35,89,0,0.45,US,1697430745
317,as sulayyil,20.4607,45.5779,22.14,17,0,1.68,SA,1697430478
318,zaragoza,41.6561,-0.8773,18.34,79,75,2.57,ES,1697430744
319,gorontalo,0.5412,123.0595,31.98,55,22,3.6,ID,1697430875
320,mangrol,21.1167,70.1167,28.8,62,3,3.51,IN,1697430876
321,santa barbara,34.7333,-120.0343,22.94,53,0,0.0,US,1697430440
322,vorkuta,67.5,64.0,-0.27,98,100,4.23,RU,1697430469
323,kumagunnam,13.1551,10.6342,27.29,25,68,2.91,NG,1697430876
324,san fernando de apure,7.8878,-67.4724,24.42,90,97,1.86,VE,1697430807
325,galesong,-5.3166,119.3661,35.01,52,11,5.31,ID,1697430876
326,korla,41.7597,86.1469,16.05,30,26,2.82,CN,1697430413
327,vershino-darasunskiy,52.35,115.5167,6.34,32,78,4.09,RU,1697430741
328,saint croix,17.7397,-64.7388,29.25,82,20,3.09,VI,1697430877
329,itogon,16.3167,120.7333,27.89,70,70,1.86,PH,1697430877
330,nishinoomote,30.7333,131.0,23.31,53,20,9.26,JP,1697430877
331,unai,-16.3575,-46.9061,25.6,52,44,2.09,BR,1697430689
332,fisterra,42.9049,-9.2629,18.9,89,100,8.9,ES,1697430468
333,atafu village,-8.5421,-172.5159,27.94,79,87,7.41,TK,1697430421
334,petauke,-14.2426,31.3253,23.19,65,60,4.5,ZM,1697430877
335,kedrovyy,56.1667,91.8167,5.23,72,98,4.65,RU,1697430877
336,berdigestyakh,62.0989,126.6992,-4.28,57,27,2.68,RU,1697430478
337,paramonga,-10.6667,-77.8333,18.76,90,82,3.1,PE,1697430878
338,tambacounda,13.7539,-13.7586,25.2,70,100,2.22,SN,1697430878
339,melo,-32.3667,-54.1833,16.14,91,100,5.46,UY,1697430878
340,nemuro,43.3236,145.575,14.11,74,50,1.02,JP,1697430466
341,port moresby,-9.4431,147.1797,27.68,83,75,5.14,PG,1697430878
342,marianna,30.7744,-85.2269,14.98,30,75,2.57,US,1697430878
343,khorixas,-20.3667,14.9667,15.7,33,52,1.14,NA,1697430879
344,al jawf,29.5,38.75,18.05,57,0,2.42,SA,1697430879
345,seminole,28.7086,-81.2081,19.67,80,75,3.6,US,1697430879
346,wynyard,-41.0,145.7167,14.39,46,8,7.04,AU,1697430879
347,olinda,-8.0089,-34.8553,24.85,78,40,5.66,BR,1697430879
348,bathsheba,13.2167,-59.5167,28.34,83,20,5.14,BB,1697430879
349,rocha,-34.4833,-54.3333,15.86,90,100,5.49,UY,1697430880
350,sur,22.5667,59.5289,30.56,56,18,2.88,OM,1697430880
351,santa ana,33.7456,-117.8678,25.23,57,0,1.54,US,1697430389
352,newman,37.3138,-121.0208,22.13,61,0,2.12,US,1697430868
353,mukalla,14.5425,49.1242,27.03,74,80,2.49,YE,1697430880
354,remire-montjoly,4.9167,-52.2667,25.02,94,0,1.54,GF,1697430880
355,sokcho,38.2083,128.5911,17.34,72,75,2.06,KR,1697430880
356,waingapu,-9.6567,120.2641,31.59,51,37,7.16,ID,1697430880
357,pitimbu,-7.4706,-34.8086,23.33,79,33,5.21,BR,1697430881
358,kodiak,57.79,-152.4072,8.73,93,100,7.72,US,1697430423
359,ishigaki,24.3448,124.1572,27.07,54,75,7.2,JP,1697430881
360,estancia velha,-29.6483,-51.1739,21.49,84,87,1.47,BR,1697430881
361,smithers,54.7804,-127.1743,7.18,100,0,1.03,CA,1697430622
362,horta,38.5333,-28.6333,21.12,83,56,2.68,PT,1697430881
363,santanyi,39.3546,3.1291,18.68,79,75,1.77,ES,1697430881
364,pico truncado,-46.7949,-67.9573,7.92,55,85,4.78,AR,1697430881
365,iskateley,67.6803,53.1512,0.57,87,95,8.94,RU,1697430420
366,necochea,-38.5473,-58.7368,11.59,85,99,4.86,AR,1697430882
367,dalnerechensk,45.9339,133.7225,5.68,44,100,8.05,RU,1697430737
368,dali,25.7,100.1833,21.34,44,14,2.26,CN,1697430882
369,the pas,53.8251,-101.2541,6.01,87,75,3.09,CA,1697430882
370,vangaindrano,-23.35,47.6,25.11,71,92,0.95,MG,1697430882
371,ghat,24.9647,10.1728,22.78,25,3,2.21,LY,1697430441
372,cromwell,41.5951,-72.6454,10.34,85,19,2.76,US,1697430608
373,sorong,-0.8833,131.25,28.18,78,83,2.55,ID,1697430883
374,sao joao da barra,-21.6403,-41.0511,22.38,96,100,2.27,BR,1697430461
375,aasiaat,68.7098,-52.8699,-6.33,79,100,3.36,GL,1697430417
376,las lomitas,-24.7096,-60.593,32.3,33,91,4.58,AR,1697430883
377,guiyang,26.5833,106.7167,22.27,49,20,2.0,CN,1697430883
378,zumpango del rio,17.65,-99.5,20.72,91,100,1.17,MX,1697430883
379,banda aceh,5.5577,95.3222,29.68,69,69,6.42,ID,1697430883
380,ulladulla,-35.35,150.4667,17.65,70,77,4.14,AU,1697430884
381,novospasskoye,53.1468,47.7514,11.45,74,1,5.61,RU,1697430884
382,carnarvon,-24.8667,113.6333,34.83,23,0,3.64,AU,1697430410
383,port-vila,-17.7338,168.3219,25.78,83,100,5.66,VU,1697430419
384,neryungri,56.6709,124.6491,-2.09,62,35,0.73,RU,1697430265
385,butterworth,5.3991,100.3638,31.27,91,40,2.57,MY,1697430884
386,lovisa,60.4566,26.2251,1.83,84,6,5.32,FI,1697430884
387,ambatondrazaka,-17.8333,48.4167,25.65,60,45,1.08,MG,1697430884
388,sinabang,2.4803,96.3801,26.66,81,100,2.73,ID,1697430419
389,saundatti,15.7833,75.1167,29.18,45,51,4.29,IN,1697430885
390,andovoranto,-18.95,49.1,25.97,78,52,0.94,MG,1697430885
391,udachny,66.4167,112.4,-4.75,92,100,6.49,RU,1697430265
392,san antonio de pale,-1.4014,5.6325,25.89,82,100,6.73,GQ,1697430411
393,ocean city,39.2776,-74.5746,13.01,83,42,1.34,US,1697430885
394,jayapura,-2.5333,140.7,31.66,65,63,2.7,ID,1697430480
395,nyala,12.05,24.8833,27.68,28,100,3.09,SD,1697430885
396,glenpool,35.9554,-96.0089,10.83,67,0,3.09,US,1697430885
397,quatre cocos,-20.2078,57.7625,26.16,68,33,3.34,MU,1697430886
398,kolonia town,6.964,158.206,33.0,66,75,2.06,FM,1697430463
399,selfoss,63.9331,-20.9971,5.58,93,100,3.66,IS,1697430470
400,ghanzi,-21.5667,21.7833,16.2,16,55,4.13,BW,1697430454
401,lazaro cardenas,17.9583,-102.2,26.94,87,100,1.14,MX,1697430410
402,puerto maldonado,-12.6,-69.1833,25.96,64,81,0.31,PE,1697430886
403,vernon,50.2581,-119.2691,14.05,75,100,3.6,CA,1697430886
404,nagqu,31.5,92.0,6.03,36,97,3.8,CN,1697430886
405,corralillo,22.9819,-80.5856,25.14,92,45,3.45,CU,1697430887
406,coahuayana de hidalgo,18.7,-103.6583,26.26,84,100,1.56,MX,1697430459
407,vigan,17.5747,120.3869,31.63,65,70,2.64,PH,1697430887
408,carletonville,-26.3609,27.3977,13.79,86,93,8.26,ZA,1697430887
409,snowflake,34.5134,-110.0785,13.75,26,0,1.24,US,1697430887
410,nar'yan-mar,67.6713,53.087,0.62,87,95,8.94,RU,1697430447
411,inhambane,-23.865,35.3833,21.01,79,100,2.11,MZ,1697430457
412,tolanaro,-25.0319,46.9987,23.04,78,75,1.54,MG,1697430415
413,santa cruz,-17.8,-63.1667,25.7,73,16,3.6,BO,1697430463
414,codrington,-38.2667,141.9667,13.56,53,50,8.77,AU,1697430472
415,bandon,51.7469,-8.7425,10.77,81,100,2.7,IE,1697430893
416,zouerate,22.7187,-12.4521,25.86,23,96,3.8,MR,1697430893
417,jagannathpur,22.2333,85.65,28.8,51,0,2.07,IN,1697430893
418,semporna,4.4818,118.6112,29.82,66,47,1.97,MY,1697430893
419,dauphin,51.1494,-100.0502,3.08,87,0,0.0,CA,1697430893
420,goondiwindi,-28.55,150.3167,32.83,12,7,9.61,AU,1697430894
421,chos malal,-37.3781,-70.2709,9.51,51,0,2.56,AR,1697430894
422,floro,61.5996,5.0328,5.54,87,75,0.0,NO,1697430440
423,monrovia,6.3005,-10.7969,25.78,85,100,2.52,LR,1697430432
424,north bend,43.4065,-124.2243,16.07,100,0,0.0,US,1697430412
425,namibe,-15.1961,12.1522,17.01,81,28,1.63,AO,1697430437
426,malpe,13.35,74.7167,29.61,76,36,2.25,IN,1697430894
427,queenstown,-31.8976,26.8753,11.71,89,100,2.87,ZA,1697430412
428,howrah,22.5892,88.3103,32.0,55,20,2.57,IN,1697430894
429,ceres,37.5949,-120.9577,22.25,73,0,2.76,US,1697430895
430,belaya kholunitsa,58.84,50.8528,10.68,92,100,3.22,RU,1697430801
431,igis,46.9453,9.5722,5.89,70,100,1.99,CH,1697430895
432,praia da vitoria,38.7333,-27.0667,20.42,88,75,15.29,PT,1697430441
433,sekovici,44.2986,18.8528,5.25,94,50,0.88,BA,1697430895
434,pinheiro machado,-31.5783,-53.3811,14.47,97,100,3.77,BR,1697430895
435,esikhaleni,-28.871,31.8996,18.33,93,100,2.48,ZA,1697430895
436,kongolo,-5.3833,27.0,21.85,88,96,1.07,CD,1697430895
437,tobruk,32.0836,23.9764,20.69,74,0,4.47,LY,1697430896
438,koryazhma,61.3143,47.1691,6.06,86,72,4.43,RU,1697430896
439,mar del plata,-38.0023,-57.5575,13.94,92,0,1.54,AR,1697430397
440,senador guiomard,-10.1522,-67.7392,23.86,94,100,1.64,BR,1697430896
441,novokayakent,42.3937,47.9861,17.45,58,70,0.71,RU,1697430896
442,kavieng,-2.5744,150.7967,29.32,66,100,1.63,PG,1697430413
443,hammerfest,70.6634,23.6821,4.25,81,75,10.8,NO,1697430421
444,derzhavinsk,51.1,66.3167,12.61,67,93,6.58,KZ,1697430896
445,mandan,46.8267,-100.8896,8.86,76,0,3.09,US,1697430896
446,tanumah,27.1,44.1333,24.74,34,0,5.26,SA,1697430897
447,marsh harbour,26.5412,-77.0636,27.18,73,5,5.78,BS,1697430448
448,spring creek,40.7266,-115.5859,13.5,31,100,1.99,US,1697430897
449,luchegorsk,46.4764,134.2569,4.91,52,97,6.78,RU,1697430897
450,mvurwi,-17.0333,30.85,18.25,75,97,4.47,ZW,1697430897
451,libreville,0.3925,9.4537,26.01,94,75,1.54,GA,1697430897
452,calama,-22.4667,-68.9333,10.27,34,0,6.17,CL,1697430848
453,upington,-28.4478,21.2561,13.21,50,0,1.03,ZA,1697430897
454,taghazout,30.5426,-9.7112,19.43,67,82,0.73,MA,1697430898
455,rocky mountain house,52.3668,-114.9188,5.06,81,19,1.03,CA,1697430898
456,araripina,-7.5761,-40.4983,21.88,63,85,6.04,BR,1697430898
457,acapulco de juarez,16.8634,-99.8901,27.9,94,100,1.03,MX,1697430898
458,dongobesh,-4.0667,35.3833,17.15,76,94,3.12,TZ,1697430898
459,east london,-33.0153,27.9116,17.52,94,100,6.69,ZA,1697430468
460,alofi,-19.0595,-169.9187,24.94,69,40,6.17,NU,1697430416
461,wau,7.7029,27.9953,22.29,92,100,3.13,SS,1697430899
462,mulayjah,27.271,48.4242,31.53,12,0,4.22,SA,1697430899
463,arkhangel'sk,64.5401,40.5433,3.96,78,87,6.23,RU,1697430265
464,anna regina,7.2644,-58.5077,27.15,77,43,3.16,GY,1697430899
465,okhotsk,59.3833,143.3,2.29,76,100,5.37,RU,1697430452
466,tema,5.667,-0.0166,25.23,94,20,3.09,GH,1697430899
467,mogocha,53.7333,119.7667,5.42,33,88,2.24,RU,1697430899
468,kapuskasing,49.4169,-82.4331,5.05,81,100,5.14,CA,1697430438
469,jastrowie,53.4205,16.8176,5.02,90,47,5.38,PL,1697430900
470,peace river,56.2501,-117.286,5.17,81,0,2.06,CA,1697430900
471,oyama,36.3,139.8,20.75,34,0,1.07,JP,1697430843
472,loralai,30.3705,68.598,19.46,34,0,0.6,PK,1697430900
473,lefkada,38.8275,20.7019,18.95,94,40,2.57,GR,1697430900
474,pesqueira,-8.3578,-36.6964,17.05,96,22,3.68,BR,1697430727
475,sola,-13.8833,167.55,26.13,84,98,7.0,VU,1697430419
476,langsa,4.4683,97.9683,32.57,55,92,1.95,ID,1697430900
477,farah,32.5,62.5,16.79,28,0,1.99,AF,1697430900
478,nagykallo,47.8749,21.8408,4.88,79,59,0.5,HU,1697430901
479,gutao,37.2025,112.1781,22.03,19,0,1.58,CN,1697430901
480,cuamba,-14.8031,36.5372,27.68,59,50,2.19,MZ,1697430901
481,keita,14.7551,5.7749,27.62,22,27,2.79,NE,1697430901
482,puerto bolivar,-3.2667,-79.9833,23.07,90,25,1.4,EC,1697430901
483,kuching,1.55,110.3333,33.96,68,40,1.54,MY,1697430901
484,kibiti,-7.7218,38.9375,26.94,71,86,1.9,TZ,1697430902
485,colonia,50.9333,6.95,4.98,90,18,0.62,DE,1697430481
486,sant antoni de portmany,38.9807,1.3036,22.99,82,40,4.12,ES,1697430683
487,corte,42.25,9.25,18.98,49,100,1.92,FR,1697430902
488,zamora,-4.0692,-78.9567,18.95,98,54,1.04,EC,1697430902
489,phalodi,27.1333,72.3667,30.96,39,13,5.8,IN,1697430902
490,vilyuysk,63.7553,121.6247,-5.46,82,100,2.24,RU,1697430902
491,la foa,-21.7108,165.8276,26.98,60,83,3.58,NC,1697430903
492,rio gallegos,-51.6226,-69.2181,5.03,70,0,8.75,AR,1697430464
493,pompeu,-19.2244,-44.9353,21.57,74,77,1.64,BR,1697430903
494,oliena,40.2723,9.403,19.57,83,92,1.49,IT,1697430903
495,kralendijk,12.15,-68.2667,28.99,89,21,6.69,BQ,1697430799
496,shubarshi,48.5872,57.1869,11.32,54,0,4.75,KZ,1697430903
497,chernyshevsk,52.5243,117.0174,8.53,28,94,2.97,RU,1697430903
498,moose jaw,50.4001,-105.5344,4.14,75,98,2.57,CA,1697430904
499,shingu,33.7333,135.9833,23.83,44,0,4.12,JP,1697430904
500,al fqih ben calah,32.5009,-6.6906,19.99,43,75,0.94,MA,1697430481
501,elliot lake,46.3834,-82.6331,5.77,79,66,5.13,CA,1697430904
502,arawa,-6.2132,155.5367,29.58,68,82,2.48,PG,1697430904
503,slave lake,55.2834,-114.769,2.99,100,0,1.54,CA,1697430904
504,laishevo,55.4046,49.5504,11.67,80,3,8.31,RU,1697430740
505,bamboo flat,11.7,92.7167,30.05,79,40,3.09,IN,1697430455
506,kismayo,-0.3582,42.5454,27.59,75,59,4.56,SO,1697430905
507,nagato,34.3833,131.2,21.35,54,13,4.6,JP,1697430905
508,bad orb,50.2279,9.3478,4.17,94,11,0.64,DE,1697430905
509,la passe,45.5549,-0.8967,8.32,64,100,5.14,FR,1697430432
510,riyadh,24.6877,46.7219,23.08,13,0,2.64,SA,1697430752
511,darnah,32.767,22.6367,21.28,80,0,4.58,LY,1697430905
512,island harbour,50.724,-1.2758,6.66,80,100,0.89,GB,1697430488
513,nyurba,63.2842,118.3319,-2.2,90,100,4.02,RU,1697430441
514,bobov dol,42.3697,23.0172,9.13,73,100,2.19,BG,1697430906
515,as sanad,34.4628,9.264,15.14,27,0,2.62,TN,1697430906
516,mata-utu,-13.2816,-176.1745,27.31,79,62,8.75,WF,1697430451
517,sandnessjoen,66.0217,12.6316,6.06,70,40,6.69,NO,1697430906
518,waimea,20.0231,-155.6717,20.81,89,95,1.79,US,1697430906
519,chernomorskoye,45.5039,32.6997,17.34,87,33,7.67,UA,1697430447
520,changji,44.0167,87.3167,12.44,58,0,2.0,CN,1697430463
521,trujillo,-8.116,-79.03,18.98,82,100,4.12,PE,1697430890
522,lospalos,-8.5186,127.0025,29.42,43,8,5.29,TL,1697430907
523,balimbing,5.0825,119.9658,29.13,67,71,1.4,PH,1697430907
524,mahina,-17.5065,-149.489,26.87,69,20,3.6,PF,1697430474
525,cukai,4.25,103.4167,32.97,67,99,3.94,MY,1697430907
526,ust'-kut,56.7938,105.7672,0.8,98,100,0.89,RU,1697430738
527,kutum,14.2,24.6667,23.42,26,84,6.47,SD,1697430907
528,kharsia,21.9667,83.1167,29.32,54,4,1.12,IN,1697430907
529,broome,42.2506,-75.833,8.17,96,100,3.6,US,1697430452
530,robinson,31.4677,-97.1147,14.29,73,0,2.57,US,1697430908
531,wesselsbron,-27.8549,26.3658,15.46,73,35,4.31,ZA,1697430908
532,taro,-8.3862,115.28,27.0,46,61,2.07,ID,1697430908
533,tbeng meanchey,13.8167,104.9667,28.98,78,88,1.53,KH,1697430908
534,onega,63.9061,38.1404,4.3,78,98,6.71,RU,1697430908
535,prince albert,53.2001,-105.7677,7.97,71,75,5.14,CA,1697430909
536,plettenberg bay,-34.0527,23.3716,15.87,88,80,2.16,ZA,1697430909
537,eirunepe,-6.6603,-69.8736,22.95,94,100,0.34,BR,1697430909
538,florida city,25.4479,-80.4792,25.56,82,20,4.12,US,1697430909
539,grand falls-windsor,48.9332,-55.6649,5.84,93,99,0.66,CA,1697430909
540,tara,56.8944,74.371,3.32,74,98,2.68,RU,1697430909
541,urangan,-25.3,152.9,23.02,76,2,9.15,AU,1697430910
542,affery,6.315,-3.9603,22.67,99,100,1.8,CI,1697430910
543,ciudad insurgentes,25.2625,-111.7753,24.61,72,0,4.52,MX,1697430910
544,sipalay,9.75,122.5,31.36,64,34,2.68,PH,1697430910
545,santiago de cao,-7.9589,-79.2392,19.07,82,100,4.12,PE,1697430910
546,axim,4.8699,-2.2405,24.72,90,100,3.25,GH,1697430910
547,karymskoye,51.6167,114.35,11.41,28,58,4.42,RU,1697430911
548,rio san juan,19.6439,-70.0763,26.76,85,64,2.51,DO,1697430911
549,tshabong,-26.05,22.45,16.05,35,0,3.37,BW,1697430466
550,laoang,12.5,125.0167,28.37,85,54,1.67,PH,1697430911
551,inarajan village,13.2736,144.7484,31.54,84,74,2.86,GU,1697430470
552,ville platte,30.688,-92.2715,15.5,64,89,3.54,US,1697430911
553,duck lake,52.8168,-106.2344,7.84,60,65,3.73,CA,1697430911
554,kodinsk,58.6881,99.1844,4.69,83,100,3.92,RU,1697430489
555,palau,7.503,134.621,30.98,66,75,3.6,PW,1697430912
556,masterton,-40.9597,175.6575,14.94,55,98,4.74,NZ,1697430437
557,saldanha,-33.0117,17.9442,15.03,85,0,3.58,ZA,1697430445
558,basco,20.4487,121.9702,27.04,77,66,6.29,PH,1697430912
559,vila velha,-20.3297,-40.2925,22.97,99,75,1.54,BR,1697430473
560,chom thong,18.4174,98.6743,29.49,78,49,1.04,TH,1697430626
561,lionel town,17.8101,-77.2406,29.94,84,52,1.41,JM,1697430912
562,liwale,-9.7667,37.9333,24.71,74,80,2.12,TZ,1697430913
563,nema,57.5067,50.5011,9.94,80,100,4.32,RU,1697430913
564,kasli,55.8909,60.7616,10.96,82,100,5.73,RU,1697430913
565,prince rupert,54.3161,-130.3201,11.83,91,0,4.63,CA,1697430173
566,egilsstadir,65.2653,-14.3948,1.95,93,75,0.51,IS,1697430447
567,mount pleasant,32.7941,-79.8626,16.67,81,100,1.34,US,1697430898
568,umluj,25.0213,37.2685,27.03,45,0,5.07,SA,1697430913
569,santa maria,-29.6842,-53.8069,18.4,97,100,2.15,BR,1697430918
570,ortigueira,-24.2083,-50.9494,17.98,95,4,1.98,BR,1697430919
571,dalandzadgad,43.5708,104.425,16.99,15,86,4.65,MN,1697430919
572,bentiu,9.2333,29.8333,23.04,88,100,2.64,SS,1697430919
573,bechar,31.6167,-2.2167,19.18,30,0,2.06,DZ,1697430919
574,cuajinicuilapa,16.4667,-98.4167,25.15,95,100,1.0,MX,1697430919
575,narasapur,16.45,81.6667,32.61,49,7,1.51,IN,1697430920
576,rabo de peixe,37.8,-25.5833,21.73,99,75,17.49,PT,1697430920
577,yinchuan,38.4681,106.2731,19.76,32,0,1.45,CN,1697430920
578,kisangani,0.5167,25.2,21.3,99,99,0.48,CD,1697430920
579,muang phon-hong,18.4928,102.4172,29.95,61,36,0.19,LA,1697430920
580,roma,43.2128,-75.4557,9.39,96,100,0.45,US,1697430773
581,sakaiminato,35.55,133.2333,23.99,50,20,8.23,JP,1697430920
582,usinsk,65.9939,57.5281,2.26,99,99,7.15,RU,1697430475
583,tucuma,-0.1833,-50.05,26.93,78,33,4.57,BR,1697430438
584,bay roberts,47.5999,-53.2648,11.95,97,100,0.45,CA,1697430677
